{
    "build_actions": {
        "town": 0.9828303802492528,
        "city": 0.8451850534871994,
        "road": 0.8320551510049441,
        "card": 0.5521490179772277,
        "late_game_pv_bonus_city": 2.243046161635325,
        "late_game_pv_card_multiplier": 1.3456984343450782,
        "late_game_vps_threshold": 7.13866144757886,
        "min_overall_score_threshold": 0.08665649508039258,
        "min_road_score_for_deterministic_build": 1.1210858850848742,
        "suboptimal_start_card_buy_bonus": 1.5892811801138937,
        "suboptimal_start_town_build_bonus": 1.6758807071158293,
        "suboptimal_start_road_build_bonus": 0.3952033381965593,
        "suboptimal_start_bonus_decay_turn": 15.662649964546102
    },
    "settlement_heuristics": {
        "resource_value_base": 1.00190538247872,
        "resource_priority": {
            "3": 0.7593869258888213,
            "2": 0.9707869586329205,
            "4": 0.7253758931584289,
            "0": 0.8810665662257973,
            "1": 1.155301584746057
        },
        "production_probability_exponent": 0.9270652507264692,
        "new_resource_type_bonus": 0.5299518699626897,
        "port_access_bonus": 0.29645781764126683,
        "specific_port_match_bonus": 0.35275418420947513,
        "number_diversity_bonus": 0.25490234705194936
    },
    "road_heuristics": {
        "to_potential_settlement_spot_bonus": 0.5023295842750344,
        "connects_to_own_settlement_bonus": 0.24379531513746,
        "longest_road_contribution_bonus": 0.4970493179377319,
        "port_access_bonus": 0.42867885917767956,
        "expansion_to_new_terrain_bonus": 0.3150563046344732,
        "fallback_suboptimal_road_build_probability": 0.406169871787629,
        "fallback_suboptimal_road_action_score": 0.5072861803200521
    },
    "city_heuristics": {
        "resource_value_base": 1.2298704271413508,
        "resource_priority": {
            "3": 0.5427376328269846,
            "2": 0.5065200903094518,
            "4": 0.5803132522517953,
            "0": 0.7750222259198176,
            "1": 1.29425031830699
        },
        "production_probability_exponent": 0.9986318209054053,
        "multiple_high_prob_numbers_bonus": 2.127746029552844
    },
    "dev_card_heuristics": {
        "base_value": 4.103125289656088,
        "knight_bonus": 3.2244317300756213,
        "victory_point_bonus": 7.481597318745257,
        "monopoly_bonus": 3.668160663416824,
        "road_building_bonus": 4.274455308501272,
        "year_of_plenty_bonus": 4.61824662774308
    },
    "initial_placement_settlement": {
        "resource_production_base": 0.7599477748297624,
        "resource_priority": {
            "3": 0.9068742010892383,
            "2": 0.8160562293988065,
            "4": 0.6335303060805295,
            "0": 1.1759124831380896,
            "1": 1.1751715118420782
        },
        "production_probability_exponent": 1.0189198442147227,
        "new_resource_type_bonus": 1.8875241479143763,
        "port_access_bonus": 0.3645438634789484,
        "specific_port_match_bonus": 0.2266099979138907,
        "number_diversity_bonus": 0.6061271606587986,
        "avoid_single_resource_concentration_penalty": -1.7707318876635298,
        "fallback_to_random_if_best_score_below": 1.7075380158430948,
        "use_heuristic_for_fallback_road": 0.07683134804075725,
        "non_initial_player_multipliers": {
            "resource_diversity_bonus": 0.99252932020869,
            "number_diversity_bonus": 0.9375698062116038,
            "port_access_bonus": 1.3056369098828757,
            "resource_production_base": 0.9232709933678855
        }
    },
    "initial_placement_road": {
        "to_second_potential_settlement_spot_bonus": 0.8156577357325341,
        "resource_variety_expansion_bonus": 0.8204298521877702,
        "general_expansion_bonus": 0.196070844559682,
        "connect_to_high_prob_numbers_bonus": 0.4322214303635197
    },
    "robber_placement_heuristics": {
        "target_high_production_node_multiplier": 0.9593787690900404,
        "block_specific_resource_priority": {
            "3": 0.7323143973377002,
            "2": 0.8605453996549807,
            "4": 0.7831495342482844,
            "0": 1.0618852567920467,
            "1": 0.9598214836021783
        },
        "target_opponent_with_most_vps_bias": 0.5442403212985141,
        "avoid_own_nodes_penalty": -6.7943050801773355,
        "randomness_factor": 0.09080457573835918,
        "target_leader_high_production_resource_bonus": 1.3134995977461856,
        "target_needed_resource_on_opponent_bonus": 0.8581855307160722,
        "leader_vps_advantage_threshold_for_targeting": 1.7968914035071903
    },
    "discard_heuristics": {
        "resource_value_priority": {
            "3": 0.8127136136186817,
            "2": 0.8418009634352943,
            "4": 1.0409873045102493,
            "0": 0.7070648187522507,
            "1": 0.6964247615907533
        },
        "keep_for_settlement_bonus": -0.5028436739308602,
        "keep_for_city_bonus": -0.6964212381376775,
        "keep_for_card_bonus": -0.2969904270005965
    },
    "trade_heuristics": {
        "willingness_to_trade_general": 0.527238152262904,
        "resource_surplus_importance": {
            "3": 0.6476389378833542,
            "2": 0.5800090254926051,
            "4": 0.8450189683384091,
            "0": 0.5206705998080127,
            "1": 0.5444535921679088
        },
        "resource_needed_importance": {
            "3": 1.3745303208591721,
            "2": 1.429825217254003,
            "4": 0.9539223691765071,
            "0": 1.2961240375793583,
            "1": 1.4340931679018354
        },
        "bank_trade_ratio_modifier": -0.16131682253917012,
        "port_trade_ratio_modifier": -0.10897800575137531,
        "accept_offer_resource_gain_factor": 0.9383313651428522,
        "accept_offer_fairness_threshold": 0.6339641412245786,
        "min_score_for_self_initiated_trade": 0.5092034660986673,
        "vps_threshold_consider_leader_trade": 6.808043330584211,
        "penalty_trade_with_leader": 0.5185129410324884,
        "resource_surplus_threshold_for_proactive_trade": 5.348375504509129,
        "proactive_trade_score_bonus": 0.24980105496134614
    },
    "play_dev_card_heuristics": {
        "knight_immediate_threat_bonus": 0.9658136761277807,
        "knight_take_largest_army_bonus": 1.3948507535665962,
        "knight_maintain_largest_army_bonus": 0.6750118674874424,
        "knight_contest_largest_army_bonus": 0.8649397288326814,
        "knight_for_win_bonus": 5.7117338307458105,
        "monopoly_potential_gain_threshold": 4.06826268744936,
        "year_of_plenty_immediate_build_bonus": 1.142049236644729,
        "road_building_strategic_spot_bonus": 0.8203762289923426,
        "min_score_to_play_knight_on_start": 0.7684769363016786,
        "early_game_turn_threshold": 11.773305149172621,
        "early_game_knight_suboptimal_start_boost": 0.9569145558038568,
        "early_game_knight_robber_on_key_tile_boost": 1.5926696155489175
    }
}