{
    "build_actions": {
        "town": 1.1145235778342186,
        "city": 1.2978025587869049,
        "road": 0.5318647467680114,
        "card": 0.5454243486793442,
        "late_game_pv_bonus_city": 2.816200220285415,
        "late_game_pv_card_multiplier": 0.6517400089367332,
        "late_game_vps_threshold": 8.147352225269628,
        "min_overall_score_threshold": 0.07582643472476504,
        "min_road_score_for_deterministic_build": 2.0733802233215397,
        "suboptimal_start_card_buy_bonus": 1.0864888249060058,
        "suboptimal_start_town_build_bonus": 2.7654754794356005,
        "suboptimal_start_road_build_bonus": 0.3005591414237315,
        "suboptimal_start_bonus_decay_turn": 12.279253067280848
    },
    "settlement_heuristics": {
        "resource_value_base": 1.4221877270856842,
        "resource_priority": {
            "3": 0.5546762517777489,
            "2": 0.5341557815758691,
            "4": 0.5054697382814124,
            "0": 0.797541383140152,
            "1": 0.7246357621916214
        },
        "production_probability_exponent": 1.4247775009950203,
        "new_resource_type_bonus": 0.4232006939744102,
        "port_access_bonus": 0.18500337767830444,
        "specific_port_match_bonus": 0.4034763480856368,
        "number_diversity_bonus": 0.24926714930915964
    },
    "road_heuristics": {
        "to_potential_settlement_spot_bonus": 0.4640134140075498,
        "connects_to_own_settlement_bonus": 0.21919246539684045,
        "longest_road_contribution_bonus": 0.5286557327975965,
        "port_access_bonus": 0.27823221403280807,
        "expansion_to_new_terrain_bonus": 0.30999336590233495,
        "fallback_suboptimal_road_build_probability": 0.2131623119325151,
        "fallback_suboptimal_road_action_score": 0.6025203222367688
    },
    "city_heuristics": {
        "resource_value_base": 1.6031521573803407,
        "resource_priority": {
            "3": 0.5454383370390125,
            "2": 0.5334651520631317,
            "4": 0.6488184223995803,
            "0": 0.5437901613735494,
            "1": 1.7573255405699588
        },
        "production_probability_exponent": 0.8264415717322813,
        "multiple_high_prob_numbers_bonus": 2.1032627735320686
    },
    "dev_card_heuristics": {
        "base_value": 4.378437528961304,
        "knight_bonus": 3.2556183141702784,
        "victory_point_bonus": 6.926439397024752,
        "monopoly_bonus": 4.4646264538312845,
        "road_building_bonus": 4.46023648710721,
        "year_of_plenty_bonus": 5.726913586339295
    },
    "initial_placement_settlement": {
        "resource_production_base": 0.9440906165408369,
        "resource_priority": {
            "3": 0.8214481519949551,
            "2": 1.2958882341392468,
            "4": 0.8618327600973951,
            "0": 1.5782796525497362,
            "1": 0.8232562673169055
        },
        "production_probability_exponent": 0.9918154646378732,
        "new_resource_type_bonus": 0.8119890791402161,
        "port_access_bonus": 0.5437163620266661,
        "specific_port_match_bonus": 0.25773992444790783,
        "number_diversity_bonus": 0.8127225180776732,
        "avoid_single_resource_concentration_penalty": -2.6393869282677787,
        "fallback_to_random_if_best_score_below": 2.302816037197472,
        "use_heuristic_for_fallback_road": 0.2790475218146139,
        "non_initial_player_multipliers": {
            "resource_diversity_bonus": 0.9401849454481299,
            "number_diversity_bonus": 1.5849252033025178,
            "port_access_bonus": 1.3994606994143828,
            "resource_production_base": 0.6615934784412179
        }
    },
    "initial_placement_road": {
        "to_second_potential_settlement_spot_bonus": 0.4202328434237117,
        "resource_variety_expansion_bonus": 0.705797607283964,
        "general_expansion_bonus": 0.1087645081651124,
        "connect_to_high_prob_numbers_bonus": 0.4567872664238979
    },
    "robber_placement_heuristics": {
        "target_high_production_node_multiplier": 1.2500907504203673,
        "block_specific_resource_priority": {
            "3": 1.0037277905385702,
            "2": 0.8511387979764083,
            "4": 0.508225444584539,
            "0": 0.5778770424488077,
            "1": 0.9146922224643862
        },
        "target_opponent_with_most_vps_bias": 0.46497925912431637,
        "avoid_own_nodes_penalty": -6.747875050931421,
        "randomness_factor": 0.0796145184039928,
        "target_leader_high_production_resource_bonus": 1.3658484464435838,
        "target_needed_resource_on_opponent_bonus": 1.06912495386905,
        "leader_vps_advantage_threshold_for_targeting": 1.7897052074963558
    },
    "discard_heuristics": {
        "resource_value_priority": {
            "3": 1.1242753268340644,
            "2": 1.1631354150060358,
            "4": 1.3029908833497945,
            "0": 0.7854778222042069,
            "1": 0.654034302747834
        },
        "keep_for_settlement_bonus": -0.6678506392522335,
        "keep_for_city_bonus": -0.8954000684981307,
        "keep_for_card_bonus": -0.4497972440817083
    },
    "trade_heuristics": {
        "willingness_to_trade_general": 0.2556613526068712,
        "resource_surplus_importance": {
            "3": 0.5866976928658336,
            "2": 0.8828088409895547,
            "4": 0.9935031422802595,
            "0": 0.391861296525073,
            "1": 0.4665747201975079
        },
        "resource_needed_importance": {
            "3": 1.1941159826230845,
            "2": 1.7971761301831006,
            "4": 1.0290419565992992,
            "0": 1.9275218384740618,
            "1": 1.6452939351454496
        },
        "bank_trade_ratio_modifier": -0.1963197881899445,
        "port_trade_ratio_modifier": -0.06424250362401719,
        "accept_offer_resource_gain_factor": 1.3596774280059631,
        "accept_offer_fairness_threshold": 0.7937278391286049,
        "min_score_for_self_initiated_trade": 0.6137007690805412,
        "vps_threshold_consider_leader_trade": 3.758844104307411,
        "penalty_trade_with_leader": 0.696961422050047,
        "resource_surplus_threshold_for_proactive_trade": 3.2468419951635923,
        "proactive_trade_score_bonus": 0.1528212154840002
    },
    "play_dev_card_heuristics": {
        "knight_immediate_threat_bonus": 0.6594372316210235,
        "knight_take_largest_army_bonus": 1.8254477944204326,
        "knight_maintain_largest_army_bonus": 0.7909883235149737,
        "knight_contest_largest_army_bonus": 0.9951271094661738,
        "knight_for_win_bonus": 3.0896360002959566,
        "monopoly_potential_gain_threshold": 4.836775116010418,
        "year_of_plenty_immediate_build_bonus": 1.4080295246077552,
        "road_building_strategic_spot_bonus": 1.2615265321135911,
        "min_score_to_play_knight_on_start": 0.926455706408216,
        "early_game_turn_threshold": 9.245002888211456,
        "early_game_knight_suboptimal_start_boost": 0.8618495614298246,
        "early_game_knight_robber_on_key_tile_boost": 1.4672708245949528
    }
}